ticker,buffett_score,alpha_adj,conviction,verdict,material_killers
NVDA,8.7,0.4,HIGH,Own Forever,1
NEU,8.5,0.4,HIGH,Own Forever,0
ROL,8.4,0.4,HIGH,Own Forever,0
MEDP,8.4,0.4,HIGH,Own Forever,0
SEIC,8.4,0.4,HIGH,Own Forever,0
AM,8.4,0.4,HIGH,Own Forever,0
ALLE,8.3,0.4,HIGH,Own Forever,0
CTAS,8.3,0.4,HIGH,Own Forever,0
GOOGL,8.2,0.4,HIGH,Own Forever,1
FICO,8.2,0.4,HIGH,Own Forever,1
META,8.1,0.4,HIGH,Own Forever,1
NBIX,8.1,0.4,HIGH,Own Forever,0
BYD,8.1,0.4,HIGH,Own Forever,0
PCTY,8.1,0.4,HIGH,Own Forever,1
V,8.1,0.4,HIGH,Own Forever,1
CBC,8.1,0.4,HIGH,Own Forever,0
APP,8.0,0.3,MODERATE,Watchlist,0
HCA,8.0,0.3,MODERATE,Watchlist,0
MAR,8.0,0.3,MODERATE,Watchlist,0
MSFT,8.0,0.3,MODERATE,Watchlist,2
MNST,8.0,0.3,MODERATE,Watchlist,0
EXEL,8.0,0.3,MODERATE,Watchlist,1
LOPE,8.0,0.3,MODERATE,Watchlist,0
HALO,8.0,0.3,MODERATE,Watchlist,1
BKNG,7.9,0.29,MODERATE,Watchlist,1
FTNT,7.9,0.29,MODERATE,Watchlist,1
SN,7.9,0.29,MODERATE,Watchlist,0
ADBE,7.8,0.28,MODERATE,Watchlist,2
MO,7.8,0.28,MODERATE,Watchlist,1
ANET,7.8,0.28,MODERATE,Watchlist,1
ADSK,7.8,0.28,MODERATE,Watchlist,2
DECK,7.8,0.28,MODERATE,Watchlist,1
RMD,7.8,0.28,MODERATE,Watchlist,1
SCCO,7.8,0.28,MODERATE,Watchlist,0
LNG,7.8,0.28,MODERATE,Watchlist,1
AWI,7.8,0.28,MODERATE,Watchlist,0
AOS,7.7,0.27,MODERATE,Watchlist,1
EXPE,7.7,0.27,MODERATE,Watchlist,0
LLY,7.7,0.27,MODERATE,Watchlist,1
PG,7.7,0.27,MODERATE,Watchlist,1
HEI,7.7,0.27,MODERATE,Watchlist,0
SLM,7.6,0.26,MODERATE,Watchlist,0
CHH,7.6,0.26,MODERATE,Watchlist,0
ZTS,7.6,0.26,MODERATE,Watchlist,1
UTHR,7.6,0.26,MODERATE,Watchlist,0
AMP,7.5,0.25,MODERATE,Watchlist,1
NTAP,7.5,0.25,MODERATE,Watchlist,2
SNA,7.5,0.25,MODERATE,Watchlist,0
MORN,7.5,0.25,MODERATE,Watchlist,0
PEGA,7.5,0.25,MODERATE,Watchlist,1
BX,7.4,0.24,MODERATE,Watchlist,0
LVS,7.4,0.24,MODERATE,Watchlist,0
MCD,7.4,0.24,MODERATE,Watchlist,1
PNR,7.4,0.24,MODERATE,Watchlist,0
LECO,7.4,0.24,MODERATE,Watchlist,0
YETI,7.4,0.24,MODERATE,Watchlist,1
WRB,7.4,0.24,MODERATE,Watchlist,0
AU,7.4,0.24,MODERATE,Watchlist,1
KNSL,7.4,0.24,MODERATE,Watchlist,1
JPM,7.3,0.23,MODERATE,Watchlist,1
LULU,7.3,0.23,MODERATE,Watchlist,0
MA,7.3,0.23,MODERATE,Watchlist,1
BOKF,7.3,0.23,MODERATE,Watchlist,0
TMUS,7.3,0.23,MODERATE,Watchlist,0
UNP,7.3,0.23,MODERATE,Watchlist,1
AON,7.2,0.22,MODERATE,Watchlist,0
MRSH,7.2,0.22,MODERATE,Watchlist,1
MRK,7.2,0.22,MODERATE,Watchlist,1
PAYX,7.2,0.22,MODERATE,Watchlist,2
PGR,7.2,0.22,MODERATE,Watchlist,1
PTC,7.2,0.22,MODERATE,Watchlist,2
BAM,7.2,0.22,MODERATE,Watchlist,0
NLY,7.2,0.22,MODERATE,Watchlist,1
GAP,7.2,0.22,MODERATE,Watchlist,0
DLB,7.2,0.22,MODERATE,Watchlist,0
ADT,7.2,0.22,MODERATE,Watchlist,0
DOCS,7.2,0.22,MODERATE,Watchlist,0
TTD,7.2,0.22,MODERATE,Watchlist,0
PRI,7.2,0.22,MODERATE,Watchlist,1
GOOG,7.1,0.21,MODERATE,Watchlist,1
AMGN,7.1,0.21,MODERATE,Watchlist,1
FFIV,7.1,0.21,MODERATE,Watchlist,2
IBKR,7.1,0.21,MODERATE,Watchlist,0
INTU,7.1,0.21,MODERATE,Watchlist,1
JNJ,7.1,0.21,MODERATE,Watchlist,1
ROST,7.1,0.21,MODERATE,Watchlist,0
CSL,7.1,0.21,MODERATE,Watchlist,0
ALSN,7.1,0.21,MODERATE,Watchlist,1
WTFC,7.1,0.21,MODERATE,Watchlist,0
AS,7.1,0.21,MODERATE,Watchlist,0
HRB,7.1,0.21,MODERATE,Watchlist,0
MTCH,7.1,0.21,MODERATE,Watchlist,1
TIGO,7.1,0.21,MODERATE,Watchlist,0
ONON,7.1,0.21,MODERATE,Watchlist,0
WFRD,7.1,0.21,MODERATE,Watchlist,0
AAPL,7.0,0.2,MODERATE,Watchlist,1
ACGL,7.0,0.2,MODERATE,Watchlist,0
AVGO,7.0,0.2,MODERATE,Watchlist,1
CL,7.0,0.2,MODERATE,Watchlist,1
HIG,7.0,0.2,MODERATE,Watchlist,1
MAS,7.0,0.2,MODERATE,Watchlist,1
PM,7.0,0.2,MODERATE,Watchlist,1
RL,7.0,0.2,MODERATE,Watchlist,0
AGNC,7.0,0.2,MODERATE,Watchlist,1
SSB,7.0,0.2,MODERATE,Watchlist,0
ORI,7.0,0.2,MODERATE,Watchlist,0
TJX,7.0,0.2,MODERATE,Watchlist,1
VRSN,7.0,0.2,MODERATE,Watchlist,2
AXP,6.9,0.19,MODERATE,Watchlist,1
IT,6.9,0.19,MODERATE,Watchlist,1
GILD,6.9,0.19,MODERATE,Watchlist,1
MTD,6.9,0.19,MODERATE,Watchlist,1
NWS,6.9,0.19,MODERATE,Watchlist,0
EWBC,6.9,0.19,MODERATE,Watchlist,1
GGG,6.9,0.19,MODERATE,Watchlist,1
RNR,6.9,0.19,MODERATE,Watchlist,0
EHC,6.9,0.19,MODERATE,Watchlist,0
TEM,6.9,0.19,MODERATE,Watchlist,0
TROW,6.9,0.19,MODERATE,Watchlist,0
CR,6.9,0.19,MODERATE,Watchlist,0
FOX,6.8,0.18,MODERATE,Watchlist,0
IDXX,6.8,0.18,MODERATE,Watchlist,1
INCY,6.8,0.18,MODERATE,Watchlist,1
BSY,6.8,0.18,MODERATE,Watchlist,1
MRP,6.8,0.18,MODERATE,Watchlist,1
SYK,6.8,0.18,MODERATE,Watchlist,1
SYF,6.8,0.18,MODERATE,Watchlist,1
TPL,6.8,0.18,MODERATE,Watchlist,1
TT,6.8,0.18,MODERATE,Watchlist,1
TRV,6.8,0.18,MODERATE,Watchlist,1
WMT,6.8,0.18,MODERATE,Watchlist,0
AFG,6.8,0.18,MODERATE,Watchlist,0
CFR,6.8,0.18,MODERATE,Watchlist,1
MANH,6.8,0.18,MODERATE,Watchlist,1
SFM,6.8,0.18,MODERATE,Watchlist,1
BSX,6.7,0.17,MODERATE,Watchlist,1
SCHW,6.7,0.17,MODERATE,Watchlist,1
CMCSA,6.7,0.17,MODERATE,Watchlist,1
DXCM,6.7,0.17,MODERATE,Watchlist,1
FDS,6.7,0.17,MODERATE,Watchlist,1
GL,6.7,0.17,MODERATE,Watchlist,1
HUBB,6.7,0.17,MODERATE,Watchlist,1
LII,6.7,0.17,MODERATE,Watchlist,1
OTIS,6.7,0.17,MODERATE,Watchlist,1
PPG,6.7,0.17,MODERATE,Watchlist,1
RCL,6.7,0.17,MODERATE,Watchlist,0
CRM,6.7,0.17,MODERATE,Watchlist,1
RPM,6.7,0.17,MODERATE,Watchlist,0
BJ,6.7,0.17,MODERATE,Watchlist,1
WMS,6.7,0.17,MODERATE,Watchlist,1
HLNE,6.7,0.17,MODERATE,Watchlist,1
VIRT,6.7,0.17,MODERATE,Watchlist,1
DUOL,6.7,0.17,MODERATE,Watchlist,1
URI,6.7,0.17,MODERATE,Watchlist,1
VNOM,6.7,0.17,MODERATE,Watchlist,1
ADP,6.6,0.16,MODERATE,Watchlist,2
CF,6.6,0.16,MODERATE,Watchlist,1
CTRA,6.6,0.16,MODERATE,Watchlist,0
EFX,6.6,0.16,MODERATE,Watchlist,1
ERIE,6.6,0.16,MODERATE,Watchlist,0
FAST,6.6,0.16,MODERATE,Watchlist,1
PH,6.6,0.16,MODERATE,Watchlist,1
RSG,6.6,0.16,MODERATE,Watchlist,1
RRC,6.6,0.16,MODERATE,Watchlist,0
SYY,6.6,0.16,MODERATE,Watchlist,1
VLTO,6.6,0.16,MODERATE,Watchlist,1
WFC,6.6,0.16,MODERATE,Watchlist,1
VEEV,6.6,0.16,MODERATE,Watchlist,1
BK,6.5,0.15,MODERATE,Watchlist,1
BMY,6.5,0.15,MODERATE,Watchlist,1
CMG,6.5,0.15,MODERATE,Watchlist,1
CHD,6.5,0.15,MODERATE,Watchlist,1
CINF,6.5,0.15,MODERATE,Watchlist,0
MLI,6.5,0.15,MODERATE,Watchlist,0
EVR,6.5,0.15,MODERATE,Watchlist,1
DCI,6.5,0.15,MODERATE,Watchlist,1
CHE,6.5,0.15,MODERATE,Watchlist,0
GNTX,6.5,0.15,MODERATE,Watchlist,1
RLI,6.5,0.15,MODERATE,Watchlist,0
BBWI,6.5,0.15,MODERATE,Watchlist,1
MSM,6.5,0.15,MODERATE,Watchlist,0
TRGP,6.5,0.15,MODERATE,Watchlist,0
VRSK,6.5,0.15,MODERATE,Watchlist,1
GWW,6.5,0.15,MODERATE,Watchlist,1
WSM,6.5,0.15,MODERATE,Watchlist,0
ZION,6.5,0.15,MODERATE,Watchlist,0
CLX,6.4,0.14,MODERATE,Watchlist,1
KO,6.4,0.14,MODERATE,Watchlist,1
STZ,6.4,0.14,MODERATE,Watchlist,0
COST,6.4,0.14,MODERATE,Watchlist,1
CRH,6.4,0.14,MODERATE,Watchlist,1
ETN,6.4,0.14,MODERATE,Watchlist,1
FCX,6.4,0.14,MODERATE,Watchlist,1
GRMN,6.4,0.14,MODERATE,Watchlist,1
GEHC,6.4,0.14,MODERATE,Watchlist,1
ITW,6.4,0.14,MODERATE,Watchlist,1
JKHY,6.4,0.14,MODERATE,Watchlist,2
MTB,6.4,0.14,MODERATE,Watchlist,1
MCO,6.4,0.14,MODERATE,Watchlist,1
ORLY,6.4,0.14,MODERATE,Watchlist,1
PNC,6.4,0.14,MODERATE,Watchlist,1
RJF,6.4,0.14,MODERATE,Watchlist,1
ITT,6.4,0.14,MODERATE,Watchlist,1
THC,6.4,0.14,MODERATE,Watchlist,0
BAH,6.4,0.14,MODERATE,Watchlist,0
CROX,6.4,0.14,MODERATE,Watchlist,0
OZK,6.4,0.14,MODERATE,Watchlist,1
EXLS,6.4,0.14,MODERATE,Watchlist,1
USB,6.4,0.14,MODERATE,Watchlist,1
XYL,6.4,0.14,MODERATE,Watchlist,1
BPOP,6.4,0.14,MODERATE,Watchlist,0
AME,6.3,0.13,MODERATE,Watchlist,1
AIZ,6.3,0.13,MODERATE,Watchlist,1
CAH,6.3,0.13,MODERATE,Watchlist,1
CBOE,6.3,0.13,MODERATE,Watchlist,1
CPRT,6.3,0.13,MODERATE,Watchlist,1
DOV,6.3,0.13,MODERATE,Watchlist,0
KMB,6.3,0.13,MODERATE,Watchlist,1
KLAC,6.3,0.13,MODERATE,Watchlist,2
NFLX,6.3,0.13,MODERATE,Watchlist,1
PEP,6.3,0.13,MODERATE,Watchlist,1
SHW,6.3,0.13,MODERATE,Watchlist,1
RGLD,6.3,0.13,MODERATE,Watchlist,1
WM,6.3,0.13,MODERATE,Watchlist,1
NU,6.3,0.13,MODERATE,Watchlist,1
FTAI,6.3,0.13,MODERATE,Watchlist,0
ZM,6.3,0.13,MODERATE,Watchlist,2
NFG,6.3,0.13,MODERATE,Watchlist,0
SSD,6.3,0.13,MODERATE,Watchlist,1
ALL,6.2,0.12,MODERATE,Watchlist,1
T,6.2,0.12,MODERATE,Watchlist,1
AZO,6.2,0.12,MODERATE,Watchlist,1
CB,6.2,0.12,MODERATE,Watchlist,1
CME,6.2,0.12,MODERATE,Watchlist,1
LIN,6.2,0.12,MODERATE,Watchlist,1
MSI,6.2,0.12,MODERATE,Watchlist,2
PYPL,6.2,0.12,MODERATE,Watchlist,1
CG,6.2,0.12,MODERATE,Watchlist,0
NYT,6.2,0.12,MODERATE,Watchlist,0
OKTA,6.2,0.12,MODERATE,Watchlist,2
WBS,6.2,0.12,MODERATE,Watchlist,1
DT,6.2,0.12,MODERATE,Watchlist,2
COKE,6.2,0.12,MODERATE,Watchlist,1
RNG,6.2,0.12,MODERATE,Watchlist,2
APPF,6.2,0.12,MODERATE,Watchlist,1
EEFT,6.2,0.12,MODERATE,Watchlist,1
WAB,6.2,0.12,MODERATE,Watchlist,1
WDAY,6.2,0.12,MODERATE,Watchlist,1
COLB,6.2,0.12,MODERATE,Watchlist,1
ABT,6.1,0.11,MODERATE,Watchlist,1
CDNS,6.1,0.11,MODERATE,Watchlist,2
COP,6.1,0.11,MODERATE,Watchlist,1
CTVA,6.1,0.11,MODERATE,Watchlist,1
EBAY,6.1,0.11,MODERATE,Watchlist,1
EOG,6.1,0.11,MODERATE,Watchlist,1
XOM,6.1,0.11,MODERATE,Watchlist,1
GDDY,6.1,0.11,MODERATE,Watchlist,2
QCOM,6.1,0.11,MODERATE,Watchlist,2
FCNCA,6.1,0.11,MODERATE,Watchlist,0
DKS,6.1,0.11,MODERATE,Watchlist,0
BILL,6.1,0.11,MODERATE,Watchlist,2
FTI,6.1,0.11,MODERATE,Watchlist,0
CNM,6.1,0.11,MODERATE,Watchlist,1
HLI,6.1,0.11,MODERATE,Watchlist,1
AXS,6.1,0.11,MODERATE,Watchlist,1
LNT,6.0,0.0,LOW,Pass,2
AEE,6.0,0.0,LOW,Pass,2
AEP,6.0,0.0,LOW,Pass,2
AMT,6.0,0.0,LOW,Pass,2
AWK,6.0,0.0,LOW,Pass,2
BAC,6.0,0.0,LOW,Pass,1
CHTR,6.0,0.0,LOW,Pass,1
CMS,6.0,0.0,LOW,Pass,2
COO,6.0,0.0,LOW,Pass,1
CPAY,6.0,0.0,LOW,Pass,2
DRI,6.0,0.0,LOW,Pass,2
DVA,6.0,0.0,LOW,Pass,1
D,6.0,0.0,LOW,Pass,2
DPZ,6.0,0.0,LOW,Pass,2
DUK,6.0,0.0,LOW,Pass,2
ECL,6.0,0.0,LOW,Pass,1
EIX,6.0,0.0,LOW,Pass,2
ES,6.0,0.0,LOW,Pass,2
EXC,6.0,0.0,LOW,Pass,2
FE,6.0,0.0,LOW,Pass,2
GEN,6.0,0.0,LOW,Pass,3
GPN,6.0,0.0,LOW,Pass,2
HLT,6.0,0.0,LOW,Pass,1
HON,6.0,0.0,LOW,Pass,2
ICE,6.0,0.0,LOW,Pass,1
KDP,6.0,0.0,LOW,Pass,1
KVUE,6.0,0.0,LOW,Pass,1
KIM,6.0,0.0,LOW,Pass,1
KMI,6.0,0.0,LOW,Pass,1
MCK,6.0,0.0,LOW,Pass,1
MDT,6.0,0.0,LOW,Pass,1
NEM,6.0,0.0,LOW,Pass,1
ORCL,6.0,0.0,LOW,Pass,2
OKE,6.0,0.0,LOW,Pass,2
PNW,6.0,0.0,LOW,Pass,2
PRU,6.0,0.0,LOW,Pass,2
SBAC,6.0,0.0,LOW,Pass,2
SPG,6.0,0.0,LOW,Pass,1
SOLV,6.0,0.0,LOW,Pass,1
APG,6.0,0.0,LOW,Pass,0
FLUT,6.0,0.0,LOW,Pass,1
WPC,6.0,0.0,LOW,Pass,1
PNFP,6.0,0.0,LOW,Pass,0
ZS,6.0,0.0,LOW,Pass,1
OHI,6.0,0.0,LOW,Pass,2
DTM,6.0,0.0,LOW,Pass,1
GLPI,6.0,0.0,LOW,Pass,1
LAMR,6.0,0.0,LOW,Pass,1
HUBS,6.0,0.0,LOW,Pass,2
AIT,6.0,0.0,LOW,Pass,1
WTRG,6.0,0.0,LOW,Pass,2
DKNG,6.0,0.0,LOW,Pass,1
PLNT,6.0,0.0,LOW,Pass,2
FCN,6.0,0.0,LOW,Pass,0
WING,6.0,0.0,LOW,Pass,2
RITM,6.0,0.0,LOW,Pass,1
TNL,6.0,0.0,LOW,Pass,1
DBX,6.0,0.0,LOW,Pass,3
APLS,6.0,0.0,LOW,Pass,2
ESTC,6.0,0.0,LOW,Pass,1
EPR,6.0,0.0,LOW,Pass,1
SHC,6.0,0.0,LOW,Pass,1
RYAN,6.0,0.0,LOW,Pass,1
ELF,6.0,0.0,LOW,Pass,1
TDG,6.0,0.0,LOW,Pass,2
ULTA,6.0,0.0,LOW,Pass,1
UAL,6.0,0.0,LOW,Pass,1
VICI,6.0,0.0,LOW,Pass,2
WEC,6.0,0.0,LOW,Pass,2
WYNN,6.0,0.0,LOW,Pass,1
XEL,6.0,0.0,LOW,Pass,2
YUM,6.0,0.0,LOW,Pass,2
ALNY,6.0,0.0,LOW,Pass,3
NTRA,6.0,0.0,LOW,Pass,0
CW,6.0,0.0,LOW,Pass,1
P,6.0,0.0,LOW,Pass,1
AYI,6.0,0.0,LOW,Pass,1
ADC,6.0,0.0,LOW,Pass,1
CRUS,6.0,0.0,LOW,Pass,2
ATR,6.0,0.0,LOW,Pass,1
NNN,6.0,0.0,LOW,Pass,2
QGEN,6.0,0.0,LOW,Pass,1
APO,5.9,0.0,LOW,Pass,0
CCL,5.9,0.0,LOW,Pass,1
FIX,5.9,0.0,LOW,Pass,0
EQR,5.9,0.0,LOW,Pass,2
FOXA,5.9,0.0,LOW,Pass,0
GS,5.9,0.0,LOW,Pass,1
KKR,5.9,0.0,LOW,Pass,0
LOW,5.9,0.0,LOW,Pass,1
NDAQ,5.9,0.0,LOW,Pass,1
PCG,5.9,0.0,LOW,Pass,2
SLB,5.9,0.0,LOW,Pass,1
OVV,5.9,0.0,LOW,Pass,1
TEAM,5.9,0.0,LOW,Pass,2
AMH,5.9,0.0,LOW,Pass,2
ESAB,5.9,0.0,LOW,Pass,1
OLED,5.9,0.0,LOW,Pass,2
TSCO,5.9,0.0,LOW,Pass,1
VRTX,5.9,0.0,LOW,Pass,2
KEX,5.9,0.0,LOW,Pass,1
APA,5.8,0.0,LOW,Pass,1
ATO,5.8,0.0,LOW,Pass,2
CAT,5.8,0.0,LOW,Pass,1
ED,5.8,0.0,LOW,Pass,2
FANG,5.8,0.0,LOW,Pass,0
EA,5.8,0.0,LOW,Pass,1
EME,5.8,0.0,LOW,Pass,0
HBAN,5.8,0.0,LOW,Pass,1
IBM,5.8,0.0,LOW,Pass,3
IR,5.8,0.0,LOW,Pass,1
MU,5.8,0.0,LOW,Pass,2
MSCI,5.8,0.0,LOW,Pass,0
PPL,5.8,0.0,LOW,Pass,2
REGN,5.8,0.0,LOW,Pass,1
RF,5.8,0.0,LOW,Pass,1
SO,5.8,0.0,LOW,Pass,2
RBC,5.8,0.0,LOW,Pass,0
PINS,5.8,0.0,LOW,Pass,0
JAZZ,5.8,0.0,LOW,Pass,1
TXRH,5.8,0.0,LOW,Pass,1
NTNX,5.8,0.0,LOW,Pass,3
TPG,5.8,0.0,LOW,Pass,1
OLLI,5.8,0.0,LOW,Pass,1
SIRI,5.8,0.0,LOW,Pass,1
MAT,5.8,0.0,LOW,Pass,1
FHB,5.8,0.0,LOW,Pass,1
HAYW,5.8,0.0,LOW,Pass,0
UHS,5.8,0.0,LOW,Pass,1
WMB,5.8,0.0,LOW,Pass,2
DOCU,5.8,0.0,LOW,Pass,2
BRX,5.8,0.0,LOW,Pass,2
WAL,5.8,0.0,LOW,Pass,0
AGCO,5.8,0.0,LOW,Pass,0
VOYA,5.8,0.0,LOW,Pass,2
INGR,5.8,0.0,LOW,Pass,1
UHAL,5.8,0.0,LOW,Pass,1
ABBV,5.7,0.0,LOW,Pass,1
BBY,5.7,0.0,LOW,Pass,1
BR,5.7,0.0,LOW,Pass,2
BF-B,5.7,0.0,LOW,Pass,0
COR,5.7,0.0,LOW,Pass,0
CSCO,5.7,0.0,LOW,Pass,2
DVN,5.7,0.0,LOW,Pass,1
DASH,5.7,0.0,LOW,Pass,1
EMR,5.7,0.0,LOW,Pass,1
HD,5.7,0.0,LOW,Pass,1
HWM,5.7,0.0,LOW,Pass,1
MKC,5.7,0.0,LOW,Pass,1
ROK,5.7,0.0,LOW,Pass,1
PR,5.7,0.0,LOW,Pass,0
SF,5.7,0.0,LOW,Pass,0
MTG,5.7,0.0,LOW,Pass,0
VNT,5.7,0.0,LOW,Pass,2
PATH,5.7,0.0,LOW,Pass,2
VZ,5.7,0.0,LOW,Pass,1
WTW,5.7,0.0,LOW,Pass,1
AMG,5.7,0.0,LOW,Pass,1
A,5.6,0.0,LOW,Pass,1
AMZN,5.6,0.0,LOW,Pass,1
ADI,5.6,0.0,LOW,Pass,2
EXE,5.6,0.0,LOW,Pass,1
INVH,5.6,0.0,LOW,Pass,2
MLM,5.6,0.0,LOW,Pass,1
MET,5.6,0.0,LOW,Pass,1
NWSA,5.6,0.0,LOW,Pass,1
NTRS,5.6,0.0,LOW,Pass,1
PFG,5.6,0.0,LOW,Pass,0
ROP,5.6,0.0,LOW,Pass,2
NOW,5.6,0.0,LOW,Pass,2
STT,5.6,0.0,LOW,Pass,1
FIVE,5.6,0.0,LOW,Pass,0
BMRN,5.6,0.0,LOW,Pass,2
FOUR,5.6,0.0,LOW,Pass,2
TMO,5.6,0.0,LOW,Pass,1
ZBH,5.6,0.0,LOW,Pass,1
NVT,5.6,0.0,LOW,Pass,1
TTC,5.6,0.0,LOW,Pass,0
VMI,5.6,0.0,LOW,Pass,0
CART,5.6,0.0,LOW,Pass,1
FRMI,5.6,0.0,LOW,Pass,0
AFL,5.5,0.0,LOW,Pass,1
ABNB,5.5,0.0,LOW,Pass,0
ARES,5.5,0.0,LOW,Pass,2
BLK,5.5,0.0,LOW,Pass,0
COF,5.5,0.0,LOW,Pass,0
CNP,5.5,0.0,LOW,Pass,2
DELL,5.5,0.0,LOW,Pass,2
DTE,5.5,0.0,LOW,Pass,2
GIS,5.5,0.0,LOW,Pass,1
HSY,5.5,0.0,LOW,Pass,1
J,5.5,0.0,LOW,Pass,1
LHX,5.5,0.0,LOW,Pass,1
NI,5.5,0.0,LOW,Pass,2
O,5.5,0.0,LOW,Pass,2
RPRX,5.5,0.0,LOW,Pass,3
SSNC,5.5,0.0,LOW,Pass,2
TW,5.5,0.0,LOW,Pass,1
FHN,5.5,0.0,LOW,Pass,1
ELS,5.5,0.0,LOW,Pass,2
EGP,5.5,0.0,LOW,Pass,1
MTN,5.5,0.0,LOW,Pass,0
WSC,5.5,0.0,LOW,Pass,1
SNPS,5.5,0.0,LOW,Pass,2
WWD,5.5,0.0,LOW,Pass,1
U,5.5,0.0,LOW,Pass,1
CHRD,5.5,0.0,LOW,Pass,1
Z,5.5,0.0,LOW,Pass,2
MMM,5.4,0.0,LOW,Pass,1
ACN,5.4,0.0,LOW,Pass,2
APD,5.4,0.0,LOW,Pass,1
APH,5.4,0.0,LOW,Pass,2
BRO,5.4,0.0,LOW,Pass,1
EQT,5.4,0.0,LOW,Pass,1
FSLR,5.4,0.0,LOW,Pass,2
GE,5.4,0.0,LOW,Pass,1
HAS,5.4,0.0,LOW,Pass,1
ISRG,5.4,0.0,LOW,Pass,1
OXY,5.4,0.0,LOW,Pass,1
PLTR,5.4,0.0,LOW,Pass,1
USFD,5.4,0.0,LOW,Pass,1
RBA,5.4,0.0,LOW,Pass,1
G,5.4,0.0,LOW,Pass,2
VSNT,5.4,0.0,LOW,Pass,1
FBIN,5.4,0.0,LOW,Pass,0
PVH,5.4,0.0,LOW,Pass,1
JHX,5.4,0.0,LOW,Pass,2
VST,5.4,0.0,LOW,Pass,1
WAT,5.4,0.0,LOW,Pass,1
MKL,5.4,0.0,LOW,Pass,0
UGI,5.4,0.0,LOW,Pass,2
BLDR,5.3,0.0,LOW,Pass,0
CVX,5.3,0.0,LOW,Pass,1
EG,5.3,0.0,LOW,Pass,1
FRT,5.3,0.0,LOW,Pass,1
IQV,5.3,0.0,LOW,Pass,1
NVR,5.3,0.0,LOW,Pass,1
REG,5.3,0.0,LOW,Pass,2
SPGI,5.3,0.0,LOW,Pass,1
RDDT,5.3,0.0,LOW,Pass,1
PFGC,5.3,0.0,LOW,Pass,1
RGA,5.3,0.0,LOW,Pass,1
RIVN,5.3,0.0,LOW,Pass,0
ACM,5.3,0.0,LOW,Pass,1
GMED,5.3,0.0,LOW,Pass,1
FLS,5.3,0.0,LOW,Pass,1
SON,5.3,0.0,LOW,Pass,0
CELH,5.3,0.0,LOW,Pass,1
TREX,5.3,0.0,LOW,Pass,1
UI,5.3,0.0,LOW,Pass,1
BRKR,5.3,0.0,LOW,Pass,1
IAC,5.3,0.0,LOW,Pass,1
VRT,5.3,0.0,LOW,Pass,1
QSR,5.3,0.0,LOW,Pass,1
LPLA,5.3,0.0,LOW,Pass,1
BURL,5.3,0.0,LOW,Pass,2
OSK,5.3,0.0,LOW,Pass,1
MUSA,5.3,0.0,LOW,Pass,1
XP,5.3,0.0,LOW,Pass,1
JEF,5.3,0.0,LOW,Pass,0
ARE,5.2,0.0,LOW,Pass,1
AVB,5.2,0.0,LOW,Pass,2
AVY,5.2,0.0,LOW,Pass,1
AXON,5.2,0.0,LOW,Pass,1
CPB,5.2,0.0,LOW,Pass,1
C,5.2,0.0,LOW,Pass,1
DLTR,5.2,0.0,LOW,Pass,1
DD,5.2,0.0,LOW,Pass,1
ESS,5.2,0.0,LOW,Pass,2
EVRG,5.2,0.0,LOW,Pass,2
FITB,5.2,0.0,LOW,Pass,1
LDOS,5.2,0.0,LOW,Pass,2
LMT,5.2,0.0,LOW,Pass,1
MGM,5.2,0.0,LOW,Pass,1
NSC,5.2,0.0,LOW,Pass,1
PFE,5.2,0.0,LOW,Pass,1
PEG,5.2,0.0,LOW,Pass,2
PSA,5.2,0.0,LOW,Pass,1
SRE,5.2,0.0,LOW,Pass,2
SJM,5.2,0.0,LOW,Pass,0
STE,5.2,0.0,LOW,Pass,1
SNX,5.2,0.0,LOW,Pass,1
TOL,5.2,0.0,LOW,Pass,1
SCI,5.2,0.0,LOW,Pass,0
CACI,5.2,0.0,LOW,Pass,1
BIO,5.2,0.0,LOW,Pass,0
WTM,5.2,0.0,LOW,Pass,0
BFAM,5.2,0.0,LOW,Pass,0
CORT,5.2,0.0,LOW,Pass,2
IRDM,5.2,0.0,LOW,Pass,2
CCC,5.2,0.0,LOW,Pass,3
TPR,5.2,0.0,LOW,Pass,1
VMC,5.2,0.0,LOW,Pass,1
MSTR,5.2,0.0,LOW,Pass,2
SOFI,5.2,0.0,LOW,Pass,0
CUBE,5.2,0.0,LOW,Pass,2
BDX,5.1,0.0,LOW,Pass,1
ETR,5.1,0.0,LOW,Pass,2
EXR,5.1,0.0,LOW,Pass,2
FTV,5.1,0.0,LOW,Pass,2
GD,5.1,0.0,LOW,Pass,1
IEX,5.1,0.0,LOW,Pass,1
PODD,5.1,0.0,LOW,Pass,1
MS,5.1,0.0,LOW,Pass,1
NDSN,5.1,0.0,LOW,Pass,1
NXPI,5.1,0.0,LOW,Pass,2
SGI,5.1,0.0,LOW,Pass,1
JLL,5.1,0.0,LOW,Pass,1
RKT,5.1,0.0,LOW,Pass,1
BLD,5.1,0.0,LOW,Pass,1
AR,5.1,0.0,LOW,Pass,1
CHDN,5.1,0.0,LOW,Pass,2
NXST,5.1,0.0,LOW,Pass,2
MHK,5.1,0.0,LOW,Pass,0
POST,5.1,0.0,LOW,Pass,1
BEPC,5.1,0.0,LOW,Pass,2
DRS,5.1,0.0,LOW,Pass,0
TKO,5.1,0.0,LOW,Pass,0
TFC,5.1,0.0,LOW,Pass,1
ALAB,5.1,0.0,LOW,Pass,1
CNH,5.1,0.0,LOW,Pass,1
ESI,5.1,0.0,LOW,Pass,1
TTEK,5.1,0.0,LOW,Pass,1
STAG,5.1,0.0,LOW,Pass,2
ALGN,5.0,0.0,LOW,Pass,1
BIIB,5.0,0.0,LOW,Pass,1
CDW,5.0,0.0,LOW,Pass,2
CTSH,5.0,0.0,LOW,Pass,2
CCI,5.0,0.0,LOW,Pass,2
HAL,5.0,0.0,LOW,Pass,1
JCI,5.0,0.0,LOW,Pass,1
L,5.0,0.0,LOW,Pass,0
LYB,5.0,0.0,LOW,Pass,1
PANW,5.0,0.0,LOW,Pass,2
MDB,5.0,0.0,LOW,Pass,1
AFRM,5.0,0.0,LOW,Pass,1
TLN,5.0,0.0,LOW,Pass,2
AUR,5.0,0.0,LOW,Pass,1
LYFT,5.0,0.0,LOW,Pass,1
TFX,5.0,0.0,LOW,Pass,2
VVV,5.0,0.0,LOW,Pass,2
AMTM,5.0,0.0,LOW,Pass,0
SMMT,5.0,0.0,LOW,Pass,1
FRPT,5.0,0.0,LOW,Pass,0
TYL,5.0,0.0,LOW,Pass,2
UPS,5.0,0.0,LOW,Pass,1
WBD,5.0,0.0,LOW,Pass,1
OGE,5.0,0.0,LOW,Pass,2
AAL,5.0,0.0,LOW,Pass,1
DOX,5.0,0.0,LOW,Pass,2
PCOR,5.0,0.0,LOW,Pass,2
AKAM,4.9,0.0,LOW,Pass,2
AMAT,4.9,0.0,LOW,Pass,2
CFG,4.9,0.0,LOW,Pass,1
CSGP,4.9,0.0,LOW,Pass,1
CSX,4.9,0.0,LOW,Pass,1
CMI,4.9,0.0,LOW,Pass,1
DAL,4.9,0.0,LOW,Pass,1
FDX,4.9,0.0,LOW,Pass,1
BEN,4.9,0.0,LOW,Pass,0
IFF,4.9,0.0,LOW,Pass,1
LH,4.9,0.0,LOW,Pass,1
NEE,4.9,0.0,LOW,Pass,2
POOL,4.9,0.0,LOW,Pass,1
DGX,4.9,0.0,LOW,Pass,1
TWLO,4.9,0.0,LOW,Pass,1
OC,4.9,0.0,LOW,Pass,0
CZR,4.9,0.0,LOW,Pass,1
PRMB,4.9,0.0,LOW,Pass,1
NVST,4.9,0.0,LOW,Pass,2
LAZ,4.9,0.0,LOW,Pass,1
KRMN,4.9,0.0,LOW,Pass,2
TXT,4.9,0.0,LOW,Pass,1
UBER,4.9,0.0,LOW,Pass,2
UDR,4.9,0.0,LOW,Pass,2
ATI,4.9,0.0,LOW,Pass,0
QRVO,4.9,0.0,LOW,Pass,1
CASY,4.8,0.0,LOW,Pass,1
DHR,4.8,0.0,LOW,Pass,1
EW,4.8,0.0,LOW,Pass,1
FISV,4.8,0.0,LOW,Pass,1
HPQ,4.8,0.0,LOW,Pass,2
JBL,4.8,0.0,LOW,Pass,1
KHC,4.8,0.0,LOW,Pass,1
LRCX,4.8,0.0,LOW,Pass,2
NKE,4.8,0.0,LOW,Pass,0
NCLH,4.8,0.0,LOW,Pass,2
SWK,4.8,0.0,LOW,Pass,1
CRS,4.8,0.0,LOW,Pass,0
ILMN,4.8,0.0,LOW,Pass,1
VIK,4.8,0.0,LOW,Pass,1
RRX,4.8,0.0,LOW,Pass,2
TOST,4.8,0.0,LOW,Pass,2
ROIV,4.8,0.0,LOW,Pass,1
CCK,4.8,0.0,LOW,Pass,1
GWRE,4.8,0.0,LOW,Pass,3
M,4.8,0.0,LOW,Pass,1
KBR,4.8,0.0,LOW,Pass,1
BHF,4.8,0.0,LOW,Pass,0
KD,4.8,0.0,LOW,Pass,1
CWEN,4.8,0.0,LOW,Pass,2
TGT,4.8,0.0,LOW,Pass,1
FERG,4.8,0.0,LOW,Pass,0
XYZ,4.7,0.0,LOW,Pass,2
EL,4.7,0.0,LOW,Pass,1
EXPD,4.7,0.0,LOW,Pass,1
ODFL,4.7,0.0,LOW,Pass,1
PKG,4.7,0.0,LOW,Pass,0
ASTS,4.7,0.0,LOW,Pass,2
PEN,4.7,0.0,LOW,Pass,0
IOT,4.7,0.0,LOW,Pass,1
HR,4.7,0.0,LOW,Pass,2
TEL,4.7,0.0,LOW,Pass,2
TDY,4.7,0.0,LOW,Pass,2
TRMB,4.7,0.0,LOW,Pass,2
REXR,4.7,0.0,LOW,Pass,2
EMN,4.7,0.0,LOW,Pass,1
IDA,4.7,0.0,LOW,Pass,2
W,4.7,0.0,LOW,Pass,1
APTV,4.6,0.0,LOW,Pass,1
AJG,4.6,0.0,LOW,Pass,1
BRK-B,4.6,0.0,LOW,Pass,1
CI,4.6,0.0,LOW,Pass,0
KR,4.6,0.0,LOW,Pass,1
LYV,4.6,0.0,LOW,Pass,1
TAP,4.6,0.0,LOW,Pass,1
PHM,4.6,0.0,LOW,Pass,1
RS,4.6,0.0,LOW,Pass,1
SOLS,4.6,0.0,LOW,Pass,1
BWA,4.6,0.0,LOW,Pass,1
ELAN,4.6,0.0,LOW,Pass,1
ACI,4.6,0.0,LOW,Pass,1
S,4.6,0.0,LOW,Pass,1
DIS,4.6,0.0,LOW,Pass,1
NOV,4.6,0.0,LOW,Pass,1
CE,4.6,0.0,LOW,Pass,2
BAX,4.5,0.0,LOW,Pass,2
DG,4.5,0.0,LOW,Pass,2
FIS,4.5,0.0,LOW,Pass,3
GNRC,4.5,0.0,LOW,Pass,0
KEY,4.5,0.0,LOW,Pass,1
MPC,4.5,0.0,LOW,Pass,1
OMC,4.5,0.0,LOW,Pass,2
PLD,4.5,0.0,LOW,Pass,2
RVTY,4.5,0.0,LOW,Pass,2
HOOD,4.5,0.0,LOW,Pass,1
SNDK,4.5,0.0,LOW,Pass,2
SWKS,4.5,0.0,LOW,Pass,2
LUV,4.5,0.0,LOW,Pass,1
BWXT,4.5,0.0,LOW,Pass,2
TRU,4.5,0.0,LOW,Pass,1
OWL,4.5,0.0,LOW,Pass,1
SARO,4.5,0.0,LOW,Pass,1
SAIC,4.5,0.0,LOW,Pass,2
ENPH,4.5,0.0,LOW,Pass,2
AGO,4.5,0.0,LOW,Pass,1
TTWO,4.5,0.0,LOW,Pass,1
TER,4.5,0.0,LOW,Pass,2
VLO,4.5,0.0,LOW,Pass,1
VTRS,4.5,0.0,LOW,Pass,1
ZBRA,4.5,0.0,LOW,Pass,2
FR,4.5,0.0,LOW,Pass,2
GLIBA,4.5,0.0,LOW,Pass,1
HST,4.4,0.0,LOW,Pass,0
MDLZ,4.4,0.0,LOW,Pass,2
ALLY,4.4,0.0,LOW,Pass,1
LW,4.4,0.0,LOW,Pass,0
AVTR,4.4,0.0,LOW,Pass,1
RAL,4.4,0.0,LOW,Pass,2
SPOT,4.4,0.0,LOW,Pass,0
MP,4.4,0.0,LOW,Pass,0
MOH,4.4,0.0,LOW,Pass,1
BKR,4.3,0.0,LOW,Pass,1
BXP,4.3,0.0,LOW,Pass,2
COIN,4.3,0.0,LOW,Pass,1
HII,4.3,0.0,LOW,Pass,1
MAA,4.3,0.0,LOW,Pass,2
NOC,4.3,0.0,LOW,Pass,1
EQH,4.3,0.0,LOW,Pass,1
ARMK,4.3,0.0,LOW,Pass,2
LLYVK,4.3,0.0,LOW,Pass,0
TXN,4.3,0.0,LOW,Pass,2
WST,4.3,0.0,LOW,Pass,1
DAR,4.3,0.0,LOW,Pass,1
CPT,4.2,0.0,LOW,Pass,1
DDOG,4.2,0.0,LOW,Pass,3
EPAM,4.2,0.0,LOW,Pass,1
GPC,4.2,0.0,LOW,Pass,1
KEYS,4.2,0.0,LOW,Pass,2
NRG,4.2,0.0,LOW,Pass,1
FWONK,4.2,0.0,LOW,Pass,1
AA,4.2,0.0,LOW,Pass,1
CLH,4.2,0.0,LOW,Pass,0
ST,4.2,0.0,LOW,Pass,1
AN,4.2,0.0,LOW,Pass,1
ALGM,4.2,0.0,LOW,Pass,2
THO,4.2,0.0,LOW,Pass,0
VKTX,4.2,0.0,LOW,Pass,1
SMCI,4.2,0.0,LOW,Pass,3
TSN,4.2,0.0,LOW,Pass,0
WDC,4.2,0.0,LOW,Pass,2
R,4.2,0.0,LOW,Pass,0
MASI,4.2,0.0,LOW,Pass,0
VFC,4.2,0.0,LOW,Pass,1
AMD,4.1,0.0,LOW,Pass,2
AMCR,4.1,0.0,LOW,Pass,2
TECH,4.1,0.0,LOW,Pass,2
CHRW,4.1,0.0,LOW,Pass,1
CARR,4.1,0.0,LOW,Pass,1
IP,4.1,0.0,LOW,Pass,1
PSKY,4.1,0.0,LOW,Pass,1
PSX,4.1,0.0,LOW,Pass,1
STLD,4.1,0.0,LOW,Pass,1
MKSI,4.1,0.0,LOW,Pass,3
WSO,4.1,0.0,LOW,Pass,1
FNF,4.1,0.0,LOW,Pass,1
LPX,4.1,0.0,LOW,Pass,1
MDU,4.1,0.0,LOW,Pass,2
LKQ,4.1,0.0,LOW,Pass,1
AES,4.0,-0.2,AVOID,Avoid,2
AIG,4.0,-0.2,AVOID,Avoid,1
BALL,4.0,-0.2,AVOID,Avoid,1
CAG,4.0,-0.2,AVOID,Avoid,2
DE,4.0,-0.2,AVOID,Avoid,2
DLR,4.0,-0.2,AVOID,Avoid,2
DHI,4.0,-0.2,AVOID,Avoid,1
GM,4.0,-0.2,AVOID,Avoid,2
HPE,4.0,-0.2,AVOID,Avoid,3
IVZ,4.0,-0.2,AVOID,Avoid,1
RTX,4.0,-0.2,AVOID,Avoid,1
STX,4.0,-0.2,AVOID,Avoid,2
SW,4.0,-0.2,AVOID,Avoid,1
SUI,4.0,-0.2,AVOID,Avoid,1
UNM,4.0,-0.2,AVOID,Avoid,1
AVT,4.0,-0.2,AVOID,Avoid,2
VTR,4.0,-0.2,AVOID,Avoid,2
SNOW,4.0,-0.2,AVOID,Avoid,1
RBRK,4.0,-0.2,AVOID,Avoid,1
H,4.0,-0.2,AVOID,Avoid,1
ADM,3.9,-0.21,AVOID,Avoid,1
CNC,3.9,-0.21,AVOID,Avoid,2
CRL,3.9,-0.21,AVOID,Avoid,1
CEG,3.9,-0.21,AVOID,Avoid,1
CVS,3.9,-0.21,AVOID,Avoid,2
ELV,3.9,-0.21,AVOID,Avoid,1
F,3.9,-0.21,AVOID,Avoid,2
HRL,3.9,-0.21,AVOID,Avoid,1
HUM,3.9,-0.21,AVOID,Avoid,1
JBHT,3.9,-0.21,AVOID,Avoid,0
LEN,3.9,-0.21,AVOID,Avoid,1
MOS,3.9,-0.21,AVOID,Avoid,1
PCAR,3.9,-0.21,AVOID,Avoid,1
MDLN,3.9,-0.21,AVOID,Avoid,2
IONS,3.9,-0.21,AVOID,Avoid,2
KNX,3.9,-0.21,AVOID,Avoid,0
FND,3.9,-0.21,AVOID,Avoid,0
ALK,3.9,-0.21,AVOID,Avoid,2
WLK,3.9,-0.21,AVOID,Avoid,1
SLGN,3.9,-0.21,AVOID,Avoid,2
MRVL,3.9,-0.21,AVOID,Avoid,2
NET,3.9,-0.21,AVOID,Avoid,2
RBLX,3.9,-0.21,AVOID,Avoid,1
RVMD,3.9,-0.21,AVOID,Avoid,1
NIQ,3.9,-0.21,AVOID,Avoid,1
HSIC,3.8,-0.22,AVOID,Avoid,1
DOC,3.8,-0.22,AVOID,Avoid,2
MPWR,3.8,-0.22,AVOID,Avoid,1
NUE,3.8,-0.22,AVOID,Avoid,0
PWR,3.8,-0.22,AVOID,Avoid,1
WCC,3.8,-0.22,AVOID,Avoid,1
ROKU,3.8,-0.22,AVOID,Avoid,1
KMX,3.8,-0.22,AVOID,Avoid,2
BC,3.8,-0.22,AVOID,Avoid,1
VNO,3.8,-0.22,AVOID,Avoid,2
WHR,3.8,-0.22,AVOID,Avoid,2
ARW,3.8,-0.22,AVOID,Avoid,2
DINO,3.8,-0.22,AVOID,Avoid,1
INGM,3.8,-0.22,AVOID,Avoid,2
BG,3.7,-0.22,AVOID,Avoid,2
CVNA,3.7,-0.22,AVOID,Avoid,0
CRWD,3.7,-0.22,AVOID,Avoid,1
KRC,3.7,-0.22,AVOID,Avoid,2
IPGP,3.7,-0.22,AVOID,Avoid,1
CBRE,3.6,-0.23,AVOID,Avoid,2
CIEN,3.6,-0.23,AVOID,Avoid,2
Q,3.6,-0.23,AVOID,Avoid,2
GME,3.6,-0.23,AVOID,Avoid,2
CLF,3.6,-0.23,AVOID,Avoid,2
UNH,3.6,-0.23,AVOID,Avoid,1
SATS,3.5,-0.24,AVOID,Avoid,2
IRM,3.5,-0.24,AVOID,Avoid,2
MRNA,3.5,-0.24,AVOID,Avoid,2
SBUX,3.5,-0.24,AVOID,Avoid,2
LSCC,3.5,-0.24,AVOID,Avoid,2
MTZ,3.5,-0.24,AVOID,Avoid,0
CGNX,3.5,-0.24,AVOID,Avoid,2
AMKR,3.5,-0.24,AVOID,Avoid,1
MCHP,3.4,-0.25,AVOID,Avoid,2
CRCL,3.4,-0.25,AVOID,Avoid,0
WELL,3.4,-0.25,AVOID,Avoid,2
EQIX,3.3,-0.25,AVOID,Avoid,2
GEV,3.3,-0.25,AVOID,Avoid,1
QXO,3.3,-0.25,AVOID,Avoid,2
CUZ,3.3,-0.25,AVOID,Avoid,2
TSLA,3.3,-0.25,AVOID,Avoid,0
INTC,3.2,-0.26,AVOID,Avoid,1
FLEX,3.2,-0.26,AVOID,Avoid,2
INSM,3.2,-0.26,AVOID,Avoid,2
CPNG,3.2,-0.26,AVOID,Avoid,2
DOW,3.1,-0.27,AVOID,Avoid,2
ONTO,3.1,-0.27,AVOID,Avoid,2
MSGS,3.1,-0.27,AVOID,Avoid,1
ENTG,3.1,-0.27,AVOID,Avoid,3
LFUS,3.1,-0.27,AVOID,Avoid,1
ON,3.0,-0.28,AVOID,Avoid,2
MTSI,3.0,-0.28,AVOID,Avoid,2
CAR,3.0,-0.28,AVOID,Avoid,1
SAIA,3.0,-0.28,AVOID,Avoid,1
ALB,2.9,-0.28,AVOID,Avoid,2
OLN,2.8,-0.29,AVOID,Avoid,2
RKLB,2.8,-0.29,AVOID,Avoid,1
XPO,2.8,-0.29,AVOID,Avoid,0
CAVA,2.8,-0.29,AVOID,Avoid,1
GLW,2.7,-0.3,AVOID,Avoid,2
COLD,2.7,-0.3,AVOID,Avoid,2
BA,2.6,-0.3,AVOID,Avoid,1
WY,2.6,-0.3,AVOID,Avoid,2
GFS,2.6,-0.3,AVOID,Avoid,2
COHR,2.2,-0.33,AVOID,Avoid,2
LITE,2.1,-0.34,AVOID,Avoid,3
